﻿<?xml version="1.0" encoding="utf-8" ?>
<SparkIV>
  <Viewers>
    <Viewer Extension="dat,txt,ide,ipl,ped,cmb,csv,ini,list,dcl,sps" Type="SparkIV.Viewer.TextViewer, SparkIV" />
    <Viewer Extension="xml" Type="SparkIV.Viewer.Xml.XmlViewer, SparkIV" />
    <Viewer Extension="sco" Type="SparkIV.Viewer.Script.ScriptViewer, SparkIV" />
    <Viewer Extension="wtd" Type="SparkIV.Viewer.Textures.TextureViewer, SparkIV" />
    <Viewer Extension="wdr" Type="SparkIV.Viewer.Models.ModelViewer, SparkIV" />
    <Viewer Extension="wdd" Type="SparkIV.Viewer.Models.ModelDictionaryViewer, SparkIV" />
    <Viewer Extension="wft" Type="SparkIV.Viewer.Models.ModelFragTypeViewer, SparkIV" />
    <Viewer Extension="whm" Type="SparkIV.Viewer.HyperText.HyperTextViewer, SparkIV" />
    <Viewer Extension="ivaud" Type="SparkIV.Viewer.Audio.AudioViewer, SparkIV" />
  </Viewers>
  <Editors>
    <Editor Extension="img,rpf" Type="SparkIV.Editor.SparkIVEditor, SparkIV" />
    <Editor Extension="" Type="SparkIV.Editor.ExternalEditor, SparkIV" />
    <Editor Extension="wtd" Type="SparkIV.Editor.Textures.TextureEditor, SparkIV" />
    <Editor Extension="wdr" Type="SparkIV.Editor.Textures.ModelTextureEditor, SparkIV" />
    <Editor Extension="whm" Type="SparkIV.Editor.Textures.HyperTextTextureEditor, SparkIV" />
  </Editors>
</SparkIV>